path,sha256,localHashValid,visualQualityReviewed,identityReviewed,kitReviewed,redistributionRightsReviewed,approved,reviewDate
assets/pending_media/spl/clubs/02f22b11aa604566a1858f96addb669c/logo.webp,7e42efb1bee806d71c846a12d5c9e30a744a754ea18d6aea98ff406d1cbda4bd,true,false,false,false,false,false,
assets/pending_media/spl/clubs/1a2a221d20d34ffa8f41246ce61f2079/logo.webp,3a0087d8179ab4d41d12cfca1c9c555ceb516946a578215fd4b9178e773e0810,true,false,false,false,false,false,
assets/pending_media/spl/clubs/2ba5364e60854fb8a7ca60903875e1ff/logo.webp,23c3c575eb806bb957a6685c438a24fcadf8a3ecc7b46a0e0e8e959d3d623973,true,false,false,false,false,false,
assets/pending_media/spl/clubs/504ab03d43954464917361ed38f5cad2/logo.webp,cf5a2f0987c7c519041343165012f4ac3aee750e11f93a585c9450c1f1b4b513,true,false,false,false,false,false,
assets/pending_media/spl/clubs/5c55f144687d497da1249c312392bb47/logo.webp,7f7e23383b54ac97938bd7dc7ac27a34704ac81d0300c9b08b786a17cd243081,true,false,false,false,false,false,
assets/pending_media/spl/clubs/6bb24501d8c04b7e8cbd05fe89d8910f/logo.webp,47416223eb2653ed1e7969b412dafceda268dada8f5fc899c0f380fa041783f6,true,false,false,false,false,false,
assets/pending_media/spl/clubs/8169ad25b0754c44a49375717b3f9fb2/logo.webp,17dbb49c449d8d1e8918094f8e0e18e6bde2640180411ad54799f0509eb34940,true,false,false,false,false,false,
assets/pending_media/spl/clubs/874890145b9d43d59ec3f646e8bd4fee/logo.webp,8f0b6fbe55d4862650b9ac0aba8dc1aac0dc1cb519790ce4293ee90b0966f39a,true,false,false,false,false,false,
assets/pending_media/spl/clubs/8a2bfb4eeaad41e9a84107e0a9c75744/logo.webp,18923ff58596e51d616fd22163643ef56ceee57d65894b51cf8469355659e7b2,true,false,false,false,false,false,
assets/pending_media/spl/clubs/8f7c588e0292459f98d90969682dc2ae/logo.webp,22ab083538d1f162da35923032cbe8231b7633f8ec03e7b0c287b82698395b84,true,false,false,false,false,false,
assets/pending_media/spl/clubs/94263b19841944c38cb20892b176c862/logo.webp,fda5b6216a5cc00685365b5105dd208c98a8fdc137f238c8de424a5c900758f0,true,false,false,false,false,false,
assets/pending_media/spl/clubs/aaac358d37704691aadcfd92ebd53c7b/logo.webp,555b67d562ae8c29a7abf2930549cb813426e37302906ed1de4c03108bd1fe0c,true,false,false,false,false,false,
assets/pending_media/spl/clubs/ab988d0ad28b419b96ab3cf2c49e0f6f/logo.webp,6004adc994d2df6d4e4adfe9987c9dd927ee180374926af4bebd1324271717bc,true,false,false,false,false,false,
assets/pending_media/spl/clubs/ae14a651fb584440979f8c4d02b89428/logo.webp,35be4b8c009bcaf58b487175efea35680a3c4e1491fb47faca8a25cd53059152,true,false,false,false,false,false,
assets/pending_media/spl/clubs/b950674ec2cf4184a0dea482414ac915/logo.webp,b5f6bf6af67133f4ff83ef784a5a1be4fc4bcd0e4205ebdcaea14c8a293e64d3,true,false,false,false,false,false,
assets/pending_media/spl/clubs/d234b1ebf80e481a888ce64cab2dcd89/logo.webp,099f611a0afc9bc2e68b7acedd874977fc4cb01b3618c8e74ceba5a5ec883db8,true,false,false,false,false,false,
assets/pending_media/spl/clubs/dd29e62730be4d848e1be4c244fbfe5f/logo.webp,4ed547f633e9579cc6fad7577b7e4db8176676ade7de6d0b88be25f4337a8f85,true,false,false,false,false,false,
assets/pending_media/spl/clubs/efdd3327b51d4fbd95b83d784301d411/logo.webp,fc304b842856e3dcf01d785ee55875a68ed996c7c9f0cf818895afb54a8a2184,true,false,false,false,false,false,
assets/pending_media/spl/coaches/0b785bc481ae44299236f39302907763/clubs/874890145b9d43d59ec3f646e8bd4fee/portrait.webp,cae1d0555e34375197c1a55e8056a9424e60c25679ba0fde0ebe51850aca4769,true,false,false,false,false,false,
assets/pending_media/spl/coaches/0d7fb489d56149f3910a1b19f49e2830/clubs/8a2bfb4eeaad41e9a84107e0a9c75744/portrait.webp,e15474c56164eaa8ea40f1cde0f7abba2208f8da84f67d00b1c7de409be94d68,true,false,false,false,false,false,
assets/pending_media/spl/coaches/2e7b0fd1ad7e418383f0647d352f0bab/clubs/8169ad25b0754c44a49375717b3f9fb2/portrait.webp,2a845a8b652943ae1c7090a0e837b767d463cbc2a5085bf69494c28487da1c18,true,true,false,false,false,false,2026-10-11
assets/pending_media/spl/coaches/410ae5e8963c4b85b72d45859f0d6e99/clubs/2ba5364e60854fb8a7ca60903875e1ff/portrait.webp,1d392d1a542ae04457f6b6805ef4abdc54059150f32c6f008579c34675477715,true,true,false,false,false,false,2026-10-11
assets/pending_media/spl/coaches/9e38321d03f9454ca4e22ac2224d5be9/clubs/504ab03d43954464917361ed38f5cad2/portrait.webp,0390cc86bf0a85679c77360c52475f6c00f8fbb817fcb36f93d758bca9c46c39,true,true,false,false,false,false,2026-10-11
assets/pending_media/spl/coaches/b415b095328a4cb5ad8805a49642ad29/clubs/02f22b11aa604566a1858f96addb669c/portrait.webp,31034b01914d755ffcea493d7f8832017f1fb6e94f1a991915e55e1eed652a6f,true,true,false,false,false,false,2026-10-11
assets/pending_media/spl/coaches/bf32a39621e741fd924047ff966cb41b/clubs/5c55f144687d497da1249c312392bb47/portrait.webp,0157095d13ad33d09ddab4738bbd804d98501b0ba7cccb1c90a42db1204b052d,true,true,false,false,false,false,2026-10-11
assets/pending_media/spl/coaches/dedbfd4a926d4f4fbff3d5ae69c3e2f1/clubs/6bb24501d8c04b7e8cbd05fe89d8910f/portrait.webp,cdf2ff0e4711578568d5ba16d84ae13d9c706f94591ccbd4d5c55767c80ecb22,true,true,false,false,false,false,2026-10-11
assets/pending_media/spl/coaches/fd49467d21434b849cd5c4371b11704b/clubs/8f7c588e0292459f98d90969682dc2ae/portrait.webp,784d1a2d2e8087ba06abfa371672e85e966a650114aa7d3cbe7cb2221c081f28,true,false,false,false,false,false,
assets/pending_media/spl/coaches/fd5e13657c0f4837aa75674a4de7e39e/clubs/1a2a221d20d34ffa8f41246ce61f2079/portrait.webp,e6d71d1916d2ee12d3182256c964cfa2e957b2c64ef037e3a2cd0a93191fe7bf,true,true,false,false,false,false,2026-10-11
assets/pending_media/spl/players/00529a9476274a3c9f6f26ae97fc7a13/clubs/1a2a221d20d34ffa8f41246ce61f2079/portrait.webp,279e36d0e476fafcae4080fa1ce3cf9636a81006ff84bd55dc212cadcedd4fed,true,false,false,false,false,false,
assets/pending_media/spl/players/0137c48934c14cd38d87620efee5028d/clubs/8169ad25b0754c44a49375717b3f9fb2/portrait.webp,9dd4ac6b4bb1a185d83f4bd61c859ce275eb0d92569090ec8280ae7fe11b5b59,true,false,false,false,false,false,
assets/pending_media/spl/players/02885f2aec6d4fa8b32b73168fd1df89/clubs/6bb24501d8c04b7e8cbd05fe89d8910f/portrait.webp,57f022e9f6edb7580a4fc68441dfab3351bf91ef122d773acb72f7cac8eb649a,true,false,false,false,false,false,
assets/pending_media/spl/players/044103addd5a4b0cb6dd75c032869339/clubs/5c55f144687d497da1249c312392bb47/portrait.webp,774b689a486add7df0d430b2fdd5abf9a036752b4aa7900702cf919b032a88a1,true,false,false,false,false,false,
assets/pending_media/spl/players/051b917a9c4c4bc9bf9ad7714ddda8f5/clubs/2ba5364e60854fb8a7ca60903875e1ff/portrait.webp,413f27436322376248b513fb209844815f9c438c9113bbeca64c590f1fbf2510,true,false,false,false,false,false,
assets/pending_media/spl/players/051c55a2dfbf4626b78f624be017621c/clubs/5c55f144687d497da1249c312392bb47/portrait.webp,ba9f86803e7b1b8504fce38dbecb06c8b0145cbbc136d755c45953b91d0a4562,true,false,false,false,false,false,
assets/pending_media/spl/players/06527f3be76e458f85313fa6be1a3e08/clubs/8a2bfb4eeaad41e9a84107e0a9c75744/portrait.webp,da0217ae5382ede226e036219b740987818bed688a1ebfcff6d7853f30c162bc,true,false,false,false,false,false,
assets/pending_media/spl/players/07179a3dcaf94ed7a3e203d387ddfe6c/clubs/1a2a221d20d34ffa8f41246ce61f2079/portrait.webp,77feb668fd7068fda3c548ed4933e065f1b62fd6783a857a280e99b1f920fea5,true,false,false,false,false,false,
assets/pending_media/spl/players/07babc3366b942909e48a09e21691868/clubs/ab988d0ad28b419b96ab3cf2c49e0f6f/portrait.webp,66c302b64adf16015b02b2d4852c74aa1d4d85122a39669f0110172911621990,true,false,false,false,false,false,
assets/pending_media/spl/players/0874de1205824208b32361953270237a/clubs/874890145b9d43d59ec3f646e8bd4fee/portrait.webp,3a7be1e588a3bae1cbc42f570861da60b82177c57f7ae572f77da76fbacbf09d,true,false,false,false,false,false,
assets/pending_media/spl/players/091fe1eea2e147549b03ba867bacc4ba/clubs/8169ad25b0754c44a49375717b3f9fb2/portrait.webp,fa1ee44b249cc50704867c0211be87d8e127b41ae51a105a0b51c294acff52b6,true,false,false,false,false,false,
assets/pending_media/spl/players/0947b7d27d4d483b8d3fdc5e45347fc3/clubs/6bb24501d8c04b7e8cbd05fe89d8910f/portrait.webp,e13c9285f72b6f52e65448fec0e0337aa0f4ec6e5394f7c5a24ee657baa43175,true,false,false,false,false,false,
assets/pending_media/spl/players/0aea268b0cb245a995930bddab3b07f9/clubs/2ba5364e60854fb8a7ca60903875e1ff/portrait.webp,5b744dbbc4638da46647fac87b16caa6726d036eabd5c72925467dce2de96a36,true,false,false,false,false,false,
assets/pending_media/spl/players/0bd051e45e484718950d5451b6109f92/clubs/02f22b11aa604566a1858f96addb669c/portrait.webp,53a7657c0c4ae2c8a0ab446db7ae5517454f24a6a3f47938237237cf7cea1501,true,false,false,false,false,false,
assets/pending_media/spl/players/0da3019906ba4c20bf69da523732279f/clubs/6bb24501d8c04b7e8cbd05fe89d8910f/portrait.webp,de992bef0f9a6778b3bce6cdf3119b1c4b577fa6d05e7fe4f195a9e11626eb3f,true,false,false,false,false,false,
assets/pending_media/spl/players/0e506bbfc8ef4cc8adec1236ca94863f/clubs/874890145b9d43d59ec3f646e8bd4fee/portrait.webp,009b6ac4f78fb04d35fae6a18be4ec6f366b6380bbe8240dff85f403415c123b,true,false,false,false,false,false,
assets/pending_media/spl/players/0f3939c9b52041e7b017fa979a5b9dee/clubs/02f22b11aa604566a1858f96addb669c/portrait.webp,df78674ab5c876476fdd3a3b1a3196c2b47d24bac3c4f9f46685182d5bd678db,true,false,false,false,false,false,
assets/pending_media/spl/players/101b0db6e9e842d2b0e60b97db15fe43/clubs/8169ad25b0754c44a49375717b3f9fb2/portrait.webp,8e90e3f25f8bfea891448e15ae36379cc5e9884874936f92531f491d4d639a5f,true,false,false,false,false,false,
assets/pending_media/spl/players/104edd191d004168af0d942702fb229f/clubs/504ab03d43954464917361ed38f5cad2/portrait.webp,4b3d0cc6c1f6fdf3b4e2625a422f421d5aa4b2f52893afd20e6cdb03d621839a,true,false,false,false,false,false,
assets/pending_media/spl/players/1051635ebb5847518b2a03cec1001200/clubs/1a2a221d20d34ffa8f41246ce61f2079/portrait.webp,a223797a3f0ccced63d65b2bf493b40b9f931ba2358e4fad1bed7f1eb77d5e68,true,false,false,false,false,false,
assets/pending_media/spl/players/11133e9ca55c49a291ae47cde3d03887/clubs/6bb24501d8c04b7e8cbd05fe89d8910f/portrait.webp,49561bebf5b58d6fe3d8653ef006cb270e55f2005247f1d1216fedb094b5c032,true,false,false,false,false,false,
assets/pending_media/spl/players/12222c5c449e4176b968b14a994c519f/clubs/6bb24501d8c04b7e8cbd05fe89d8910f/portrait.webp,b83fbfde253373b21e97c052aa69f93667c2607cc8957159815b280cd19dca12,true,false,false,false,false,false,
assets/pending_media/spl/players/12b04d64b51444d0b9cccf6fbfbc2c6b/clubs/1a2a221d20d34ffa8f41246ce61f2079/portrait.webp,6147850f7b5aa677fd7d858a813842178b7738bf7a856945fc7f80bdfe186a20,true,false,false,false,false,false,
assets/pending_media/spl/players/133a7be90eb24b10aced8427425e5f53/clubs/2ba5364e60854fb8a7ca60903875e1ff/portrait.webp,f1f3555dda06e0c3268474fca14e8d3b4bdd374bfb8ff6b386f98b648b84eb15,true,false,false,false,false,false,
assets/pending_media/spl/players/136a518e154446ebbc8964b6f05d68d5/clubs/2ba5364e60854fb8a7ca60903875e1ff/portrait.webp,9d30d19aed8ef56377140419721cfbd07641e30376ace8cdd5dfada4a77ce499,true,false,false,false,false,false,
assets/pending_media/spl/players/13e1c06f0c164e3495a2f9a2c5bb8700/clubs/ab988d0ad28b419b96ab3cf2c49e0f6f/portrait.webp,eb0eddadcca66d360591b188e72e160a548dc766c0e2fd6818ad51cd6c3c1344,true,false,false,false,false,false,
assets/pending_media/spl/players/143d84dd53f3433d8e942cdb84912e7e/clubs/6bb24501d8c04b7e8cbd05fe89d8910f/portrait.webp,e3e5aedf9e59f645f579a6d0c43f0cbe5908a5e2f1621f140e411c41cff5df75,true,false,false,false,false,false,
assets/pending_media/spl/players/154fd75d0c4c4b2489b6b6ac8c173850/clubs/ab988d0ad28b419b96ab3cf2c49e0f6f/portrait.webp,f6d6181e435b6cc65fa69f759382d2dda297480fe8ef72d1431641eacce17466,true,false,false,false,false,false,
assets/pending_media/spl/players/155cacd445894e86a815f80d8cb836d0/clubs/1a2a221d20d34ffa8f41246ce61f2079/portrait.webp,d8ce642046b3fd9a5c3d0785e8a6fd037b191ee5c493e6cab6f8baffd676a606,true,false,false,false,false,false,
assets/pending_media/spl/players/15ffff4520ad4dbf9b534c0a93182b9e/clubs/6bb24501d8c04b7e8cbd05fe89d8910f/portrait.webp,4fca40190db75fd834d1f3741fe5680b841a3f5cfdfd79a0f98667a655667631,true,false,false,false,false,false,
assets/pending_media/spl/players/163674d0ee814da38917d74de2df4299/clubs/8a2bfb4eeaad41e9a84107e0a9c75744/portrait.webp,1b8f87b6c67a56ceabd7b3896a1b5588b6ee27fb7d372773f7b5e2aa62661803,true,false,false,false,false,false,
assets/pending_media/spl/players/17d1059a83334491bfa2dba4f2de44f2/clubs/2ba5364e60854fb8a7ca60903875e1ff/portrait.webp,da038bed06b00fd4c3ba3cae3caf6f01730ff570966b846b4be2884caba81b3f,true,false,false,false,false,false,
assets/pending_media/spl/players/18102829253c4f938dfe3333886d2525/clubs/2ba5364e60854fb8a7ca60903875e1ff/portrait.webp,192794ae3543e7a6fc8997a83c17ffdd61861093b521da996d93da760e562dda,true,false,false,false,false,false,
assets/pending_media/spl/players/1873e971f99f41b980d54662b934702a/clubs/8169ad25b0754c44a49375717b3f9fb2/portrait.webp,ec09fdf7485a79c55f82e9b92089c9301d2348964b802937123a0a00be8a6c31,true,false,false,false,false,false,
assets/pending_media/spl/players/193cc56f8d7449ca8105675bd0ece985/clubs/1a2a221d20d34ffa8f41246ce61f2079/portrait.webp,c028003ab2ada13736b24dc1f6a2b60cb4ca8ea6c20af45ac595b8859df916fa,true,false,false,false,false,false,
assets/pending_media/spl/players/1b1882b4dbb04b7198fe734059b2cf1b/clubs/8f7c588e0292459f98d90969682dc2ae/portrait.webp,a2ba66a8a84cf4d272141dd2a495e2ec5dbadafeebba6b629ac027376b69a414,true,false,false,false,false,false,
assets/pending_media/spl/players/1b2f5365483d476bad0a3ecfea9452ee/clubs/504ab03d43954464917361ed38f5cad2/portrait.webp,1b4aba1469c7ce832cb9c732995a73c659ab15d9c1c5d4b609f53a1e256f4985,true,false,false,false,false,false,
assets/pending_media/spl/players/1b32fbb174034e108c1dce6229783fb9/clubs/8169ad25b0754c44a49375717b3f9fb2/portrait.webp,3dfda9f68aa469d1046c3192e9842cbc1435782545887435e61a8b9b9e567ac5,true,false,false,false,false,false,
assets/pending_media/spl/players/1b722655485b44b589fe6246ae635623/clubs/1a2a221d20d34ffa8f41246ce61f2079/portrait.webp,4e6520ff7f3b50a1c4572777628675147ecd496b3ee4a7f7150ae021107d0a48,true,false,false,false,false,false,
assets/pending_media/spl/players/1bf106304de648be9b376b30bfcac695/clubs/2ba5364e60854fb8a7ca60903875e1ff/portrait.webp,88295d702276217ac5d24148b9558a801bdaa893e740a5eb065760ce47906b0b,true,false,false,false,false,false,
assets/pending_media/spl/players/1bfec0a3926448b59a0482c26051c1fc/clubs/b950674ec2cf4184a0dea482414ac915/portrait.webp,5ce798a29d1c0f487e27d7d725006aefe3b2d802fb8c314baa207398132c8a30,true,false,false,false,false,false,
assets/pending_media/spl/players/1c98d96bed464270b964224710c6aa19/clubs/1a2a221d20d34ffa8f41246ce61f2079/portrait.webp,3eb4e7031d1d488db769caf97600a1b330f2ec17908cf3511cd788d72b906da1,true,false,false,false,false,false,
assets/pending_media/spl/players/1cf97c2e8a914719846885086f961af4/clubs/b950674ec2cf4184a0dea482414ac915/portrait.webp,9e5d0463066339db1fb0b91df72b01669ff8a9ab39169e70124c4db7c40723fa,true,false,false,false,false,false,
assets/pending_media/spl/players/1dd0d525bc2245508c2b89e437c7c89a/clubs/8a2bfb4eeaad41e9a84107e0a9c75744/portrait.webp,f0f44d2f3f2722fcc0897784e19267bba79c35320e949bb3523b82679abcfda8,true,false,false,false,false,false,
assets/pending_media/spl/players/1f2b9232ee65487e8c0e7e28a21d5d9c/clubs/b950674ec2cf4184a0dea482414ac915/portrait.webp,5c563e53d66711c18afa0eb6cc20995665a6abcbea0dab2fff03eaa20a626538,true,false,false,false,false,false,
assets/pending_media/spl/players/1fbe75c547ec479eb05378e5afc517d0/clubs/b950674ec2cf4184a0dea482414ac915/portrait.webp,b530e941f215a802f9d097740dd1a9e90d2b6ef7b6072ab4d7064e6fd5bdbf53,true,false,false,false,false,false,
assets/pending_media/spl/players/20bd9be9c1024e11861fc5c1e91a05d3/clubs/874890145b9d43d59ec3f646e8bd4fee/portrait.webp,822f2af40fac44012fa8c6bfacf1284ed8e6a0f623ba98b642758a8f23998f1c,true,false,false,false,false,false,
assets/pending_media/spl/players/20e4bc26e8bd4c958404bdc511648590/clubs/1a2a221d20d34ffa8f41246ce61f2079/portrait.webp,6aaaef5faa4b205d43456bea7c1544c5290e215ec9d0a03a0566d050f4777e4f,true,false,false,false,false,false,
assets/pending_media/spl/players/2108fa0d788e49f385e04c1470b6b554/clubs/6bb24501d8c04b7e8cbd05fe89d8910f/portrait.webp,9b78d2fa0d5c74aac1ede582c71c05032f09d61536f6335d8438f6963315948e,true,false,false,false,false,false,
assets/pending_media/spl/players/2252de01944e4ec48489393aaa1bfb84/clubs/5c55f144687d497da1249c312392bb47/portrait.webp,6b13e119016224585d53316c468060f0437f19c02fccc7a49abd97cf9da1ffeb,true,false,false,false,false,false,
assets/pending_media/spl/players/23055985c4364d2f90b5f99b6927a688/clubs/02f22b11aa604566a1858f96addb669c/portrait.webp,105a773a1ae0508b7edcbad0c47e9e457a39aa85a7d8d954d962cef8fbede57c,true,false,false,false,false,false,
assets/pending_media/spl/players/230b21908aac4738946a40cc756821cf/clubs/5c55f144687d497da1249c312392bb47/portrait.webp,a0345f77f464cd8ed8f64173068eefce3f899a462519fa668a09ccff22c8be8e,true,false,false,false,false,false,
assets/pending_media/spl/players/23676f9b11814fc9819a9cc0a4762f34/clubs/8169ad25b0754c44a49375717b3f9fb2/portrait.webp,dff0391d938fd3667a5eca5c88330cfd8e552d4c1f6dbd1317cd55bf62417dcf,true,false,false,false,false,false,
assets/pending_media/spl/players/2837c9ccd1f14105ad5ba1a51bae9fdf/clubs/874890145b9d43d59ec3f646e8bd4fee/portrait.webp,ad0f6631e1ef327a7c2d3f2a4ba6f718bb2c98c5eb005f491368d30e39889baa,true,false,false,false,false,false,
assets/pending_media/spl/players/284662e38e5e4780937c6d5609b939ca/clubs/874890145b9d43d59ec3f646e8bd4fee/portrait.webp,2a2903e6e2d7ea24a927b92a10a73847f0bf53c95cc1e322746ef3e67ba8e15c,true,false,false,false,false,false,
assets/pending_media/spl/players/2938088ff491466d88e4d5e541acea91/clubs/504ab03d43954464917361ed38f5cad2/portrait.webp,83762a2a98b4106c738db75794ce259a33ea0ab8ab72bff7d102d030dca3f067,true,false,false,false,false,false,
assets/pending_media/spl/players/29a85f426a95498eb82c535978191152/clubs/8a2bfb4eeaad41e9a84107e0a9c75744/portrait.webp,9319c6ffd22b4b9dd869688d88c0bf2b4d1949e5ecc0a0e81fb639880c2b47f6,true,false,false,false,false,false,
assets/pending_media/spl/players/2ae31b48b59c4e218d22e81b4db400cc/clubs/2ba5364e60854fb8a7ca60903875e1ff/portrait.webp,3017e433cedd074311e5ccdc1764933e50cf1b8a134d94599e05bf36763bb3b1,true,false,false,false,false,false,
assets/pending_media/spl/players/2b778e9fc276447e9bd0bc7c419f783d/clubs/02f22b11aa604566a1858f96addb669c/portrait.webp,437914e8eef8d689309bff5a8b9bb30fea8af022cf2f3093339fb35dc9eaf895,true,false,false,false,false,false,
assets/pending_media/spl/players/2b9db98517524db18695bc203c686bab/clubs/874890145b9d43d59ec3f646e8bd4fee/portrait.webp,e814bd090e211ce5902a95f17492217c14747bc7b0b671ea1d7da69536e9244c,true,false,false,false,false,false,
assets/pending_media/spl/players/2e6338e2bd1b47f29be0d7b78a2da4ec/clubs/504ab03d43954464917361ed38f5cad2/portrait.webp,7bf7050725c26f9bc91bb8387f7f56a75003f66635645f0a3da3f24836e3f42e,true,false,false,false,false,false,
assets/pending_media/spl/players/30d54f97bad54d26806b18b92228f3bc/clubs/02f22b11aa604566a1858f96addb669c/portrait.webp,cdce79f83517ccd286d264d1e6d336d333f9b68ee262d5b7343d3c0abfa6e587,true,false,false,false,false,false,
assets/pending_media/spl/players/30d6484b9b974abaa1a171b902838c45/clubs/5c55f144687d497da1249c312392bb47/portrait.webp,3c258f8e44293e6b727b042c6c6e4bae0e5d3c1c48988c0c45a5c01f37696fad,true,false,false,false,false,false,
assets/pending_media/spl/players/311d667cec2940bdbfa9013519caba9b/clubs/02f22b11aa604566a1858f96addb669c/portrait.webp,c1bc24e425c4bd7db514b10662d50ac341aae56c953151a1debb0f207461600b,true,false,false,false,false,false,
assets/pending_media/spl/players/3183c04d9d734e60985334793a459c48/clubs/02f22b11aa604566a1858f96addb669c/portrait.webp,b411e96e48169a01ba32ba1d31460b574c6c920aa794e5a6752fadafd83c7004,true,false,false,false,false,false,
assets/pending_media/spl/players/32292733834f42c2accbd23314e22d1d/clubs/874890145b9d43d59ec3f646e8bd4fee/portrait.webp,debd90c3e48414eec21c502137bf2294b42325fb92b4bbd65cf38caa0e77dd3d,true,false,false,false,false,false,
assets/pending_media/spl/players/3230cb600fec469a80cc80abd094ff32/clubs/504ab03d43954464917361ed38f5cad2/portrait.webp,dd6f8116d303bc7db9243469071b4cef2b136d5c96fb03d1f9f809738732042d,true,false,false,false,false,false,
assets/pending_media/spl/players/334c01d509c640de90f804b147d51fed/clubs/02f22b11aa604566a1858f96addb669c/portrait.webp,0e7a704c758eb0b7650acea0fc7a6dc0ac5ceccc0f98fdc7d22a7388f9a01151,true,false,false,false,false,false,
assets/pending_media/spl/players/338c0fee2e2943258fdecab07c96ca0e/clubs/ab988d0ad28b419b96ab3cf2c49e0f6f/portrait.webp,0ae1892643b2151dd4f484f0825a2fed7aeb4e4ca57b2e92d2b97a128f9dc952,true,false,false,false,false,false,
assets/pending_media/spl/players/33e821f9304140caa7e2348229b49915/clubs/8a2bfb4eeaad41e9a84107e0a9c75744/portrait.webp,852ea712ad35227012344cd6b7953e65b54c6a3921f304adcbd8c0e42218d31b,true,false,false,false,false,false,
assets/pending_media/spl/players/34e2083085164a7eaefeaece1254b0b8/clubs/5c55f144687d497da1249c312392bb47/portrait.webp,d9b1ba7183e54b3bf529bc4ffa767c309d69dd9ccb83e2f57e9da5e7c2bb8c20,true,false,false,false,false,false,
assets/pending_media/spl/players/354cff3809274e3bbc8e2714ebc26dd5/clubs/1a2a221d20d34ffa8f41246ce61f2079/portrait.webp,bf31109605fd56e6809d1a0ef8f3347eae41b4dc2353970e412126f2e5c658d1,true,false,false,false,false,false,
assets/pending_media/spl/players/360235d9d19b4c4ea73f50beffb88d96/clubs/6bb24501d8c04b7e8cbd05fe89d8910f/portrait.webp,c3b281b60825d8a4e5a9078bdc1e8d3834859cded52cf35f5355d1cb37ace1fd,true,false,false,false,false,false,
assets/pending_media/spl/players/377209e1469144e48a222dd5bd19defc/clubs/ab988d0ad28b419b96ab3cf2c49e0f6f/portrait.webp,0d7fd50735acf13dcb86c23c4ae16ed80805f114f52b26915c8ce82fb441fdfa,true,false,false,false,false,false,
assets/pending_media/spl/players/38f156014db14db6997ca3aa6ff14b2f/clubs/02f22b11aa604566a1858f96addb669c/portrait.webp,0ad7f9ea7b15cf8fcd7d08adda3f942ffa4b27d27bb2a6888f4b6487356469c5,true,false,false,false,false,false,
assets/pending_media/spl/players/3afc177d77e14c5a90b6e0ebbf8b096b/clubs/874890145b9d43d59ec3f646e8bd4fee/portrait.webp,af0be062f07bdc2143f90205b1ea0533dfdc06065f6331e26416773f8ff4dcf1,true,false,false,false,false,false,
assets/pending_media/spl/players/3c3a03b7ef264bf786e152b0c40d773f/clubs/8a2bfb4eeaad41e9a84107e0a9c75744/portrait.webp,c94ce7b91fc08a45ecd9a4a7e0cf92997d34746f34bae378ec8925cd308c80ce,true,false,false,false,false,false,
assets/pending_media/spl/players/3c82a64d88ec485d9b427907de451a7a/clubs/6bb24501d8c04b7e8cbd05fe89d8910f/portrait.webp,471d01a10b5743ac3c9e4cf0c55fc3849d041bc033c507c9fa16b322a479e32b,true,false,false,false,false,false,
assets/pending_media/spl/players/3c9716c01832404fbf4cbd129fb065a0/clubs/b950674ec2cf4184a0dea482414ac915/portrait.webp,3f0f16255649b580252a69bd2280c986ee33954d6b0e8f2463e426dd3b50242d,true,false,false,false,false,false,
assets/pending_media/spl/players/3cbb81ce920147fb80fccc4075b877b5/clubs/874890145b9d43d59ec3f646e8bd4fee/portrait.webp,77929b07e1bd1c9f7bad4eb16bac0455af0e300b39a1639cce5804c9af1be280,true,false,false,false,false,false,
assets/pending_media/spl/players/3d49804d479542ec8c638e2de758c858/clubs/02f22b11aa604566a1858f96addb669c/portrait.webp,29353814560f76db9e17c9fbf42971a150878f64330cf2cf9bf8fc8bc0dfe8fa,true,false,false,false,false,false,
assets/pending_media/spl/players/3ebce2e1c35741bf9bbb28ad39c29c87/clubs/1a2a221d20d34ffa8f41246ce61f2079/portrait.webp,03967c0da5404298c8c8043ed4c27e1721ba60e7b554810f69fd93c3ebc4a402,true,false,false,false,false,false,
assets/pending_media/spl/players/3f2d56bf19084aa287f9dfe3433733c8/clubs/1a2a221d20d34ffa8f41246ce61f2079/portrait.webp,7c624ac0ebb1aea7ca69daf5ef14f6e5870d23feb8a162217beb38f1e4963cda,true,false,false,false,false,false,
assets/pending_media/spl/players/40dc7fc483ef426daf31ea6f7cc5a5c4/clubs/1a2a221d20d34ffa8f41246ce61f2079/portrait.webp,5034346aea378fde50ed718edfbfaab5376a64e3fceca193ca83f9c856144347,true,false,false,false,false,false,
assets/pending_media/spl/players/41ee80a551f64e52a76f00bab894a789/clubs/1a2a221d20d34ffa8f41246ce61f2079/portrait.webp,6e47b1ff450cb3ff4987e39a47831110cdcd666de4acdad4fb5a29511c1eb88e,true,false,false,false,false,false,
assets/pending_media/spl/players/4223f8db2a6245a4a3b737b17af88f22/clubs/8a2bfb4eeaad41e9a84107e0a9c75744/portrait.webp,160302543356d925456e09d1663ab1c7af992d71bea9e4a4dddd4fb4e499b5c3,true,false,false,false,false,false,
assets/pending_media/spl/players/4245662d0ed14a49bbf52ad90d8187d7/clubs/504ab03d43954464917361ed38f5cad2/portrait.webp,87ee768a9611f8ff0712ffc778c0f9bb36a1790c59dd7f9c5d40f335b0808e33,true,false,false,false,false,false,
assets/pending_media/spl/players/436bf5f702924f5a9f7dc712b81a43ad/clubs/5c55f144687d497da1249c312392bb47/portrait.webp,78a53c2f2d7722b05720a4bea2d60de65cf03c3a8af34bad5837d181c6777b01,true,false,false,false,false,false,
assets/pending_media/spl/players/45745ef226a1459a9cd8db3dd2682b76/clubs/504ab03d43954464917361ed38f5cad2/portrait.webp,62a2cba4760ce548c1fef0af7916d03d28291ed7aae161c57e1ca85fcbfe88ff,true,false,false,false,false,false,
assets/pending_media/spl/players/46fcf5f928a2427a96a6709e19335f2b/clubs/02f22b11aa604566a1858f96addb669c/portrait.webp,d2eb77a08faf7100c1e4e5734baa9848cabdf5066ebb5eb103061068fc90f23c,true,false,false,false,false,false,
assets/pending_media/spl/players/477b98183d58425d9dfccc211d8ce636/clubs/8a2bfb4eeaad41e9a84107e0a9c75744/portrait.webp,61f6feb784c8d95e5224d77bac2d49aec4f7e4a84e267e401ae933a3e1260c07,true,false,false,false,false,false,
assets/pending_media/spl/players/4783d2c032f24b7ca5a97fbdc1fd26b8/clubs/6bb24501d8c04b7e8cbd05fe89d8910f/portrait.webp,ecd7b5b77c6df1d83d41eff3aa9f5b351fcec168f8b0a1be2d3cdb92fd3de3ac,true,false,false,false,false,false,
assets/pending_media/spl/players/47bc53ffcfcb4265a1ed94a2d17fb23a/clubs/504ab03d43954464917361ed38f5cad2/portrait.webp,86d92d4a0aa91cb42a1026d881babdd2163b1b14d0c974fd2161f4bc81a9da4e,true,false,false,false,false,false,
assets/pending_media/spl/players/481449ad43e44e44beb2ef8e6bf3f969/clubs/2ba5364e60854fb8a7ca60903875e1ff/portrait.webp,a6012bbd246b0beeaeb209931558e62905441a51009383860a4b0f07a176eb7c,true,false,false,false,false,false,
assets/pending_media/spl/players/484e018c0e4147cf9f3e8522ecb4a093/clubs/5c55f144687d497da1249c312392bb47/portrait.webp,7669fa45cc04743e62e4005130ce5f2556555b5f3b4a880b8150a83ada9c7560,true,false,false,false,false,false,
assets/pending_media/spl/players/490d60bbe241415da391ff7a0571be64/clubs/8169ad25b0754c44a49375717b3f9fb2/portrait.webp,5312ae2d6d46e595d47b81078845edb43142b155b6c0afee819ffaa02ba7f5d9,true,false,false,false,false,false,
assets/pending_media/spl/players/4c43f6d73bfc4a1da4b368066eba0a2d/clubs/02f22b11aa604566a1858f96addb669c/portrait.webp,25d8fbbf2ea10b083ae0291375795e9d9a942bb8a6c627e5b7de1f9ebb9510a1,true,false,false,false,false,false,
assets/pending_media/spl/players/4fba5d9a3db846dc8a4b3466105f55f8/clubs/1a2a221d20d34ffa8f41246ce61f2079/portrait.webp,e0288ccdff40fe1860dd514c960dd5cd22bedc5b795a13529ac7ed00b1350ad0,true,false,false,false,false,false,
assets/pending_media/spl/players/5078610d3d224c90aa6cf36467be453d/clubs/504ab03d43954464917361ed38f5cad2/portrait.webp,ab02aa0fdf90ea0b0dabde6e6acb1a7ec07b548bc2925977b161049498721600,true,false,false,false,false,false,
assets/pending_media/spl/players/523d460da45c478ab97c518d6e6bc1ab/clubs/5c55f144687d497da1249c312392bb47/portrait.webp,43b5f024dc1e729ac9470306c9959ddc9b3385858c41f155e8ae405748a81afc,true,false,false,false,false,false,
assets/pending_media/spl/players/54d47f9cf09b443b9c07af2c9e68356e/clubs/8a2bfb4eeaad41e9a84107e0a9c75744/portrait.webp,c01dbaec43cc2bf7cca261b29b1da0d688f99f071c44d437047a8b34d276256f,true,false,false,false,false,false,
assets/pending_media/spl/players/55149b530c8644bab07961474b32f05f/clubs/1a2a221d20d34ffa8f41246ce61f2079/portrait.webp,43df6cad4e96c20cbb30b129673ecf2bf26dd7ce85ab578c55c351d56907bdcf,true,false,false,false,false,false,
assets/pending_media/spl/players/564b7f07bcb948128d01285fbce42d04/clubs/8a2bfb4eeaad41e9a84107e0a9c75744/portrait.webp,2872a0d87ea98e3701d0b4e56adf9c34f8ee82c46364cd228e911f10e9791d6b,true,false,false,false,false,false,
assets/pending_media/spl/players/577fd862159745f38f4aebd0b5c2f3b2/clubs/5c55f144687d497da1249c312392bb47/portrait.webp,f6ed4f5b0c7f62acef3628ba1bf4de111aef6da264b9727502e85850d5486dc4,true,false,false,false,false,false,
assets/pending_media/spl/players/58252a9cdeb44c40b633f8e7c27bddee/clubs/2ba5364e60854fb8a7ca60903875e1ff/portrait.webp,92735be9018719c24f979e7f064bdeac6b05c96b2ff2f61a978ca20599ed2cbb,true,false,false,false,false,false,
assets/pending_media/spl/players/59c5dda6ed804ec19c4839f81de1c123/clubs/5c55f144687d497da1249c312392bb47/portrait.webp,e4f29f6dd79c8ce7423f0e5980d648e2b6d2c00c3fe248e36bd3c9d20b6e2f95,true,false,false,false,false,false,
assets/pending_media/spl/players/59e398b896704c23a5c062960be906ea/clubs/8169ad25b0754c44a49375717b3f9fb2/portrait.webp,7792f789d2415f25a7f62d143068f5b883ce76e06b12b0f035dd15db6944b20d,true,false,false,false,false,false,
assets/pending_media/spl/players/5a03d0ae2f5e41f0abe7cddfe4571992/clubs/8169ad25b0754c44a49375717b3f9fb2/portrait.webp,fa01dfb3fb4b70abe514bee29af067a42e44a5aadbb1a13205e75917a409a261,true,false,false,false,false,false,
assets/pending_media/spl/players/5a7c4b6b15ff49b3af611f85e2e345b7/clubs/874890145b9d43d59ec3f646e8bd4fee/portrait.webp,2ebd931e0feb5a0204e9b28058ac2a264b9d64278bbb3b60a5bececc4628b521,true,false,false,false,false,false,
assets/pending_media/spl/players/5b739b230ace40f3ba2c8f628d26cbea/clubs/02f22b11aa604566a1858f96addb669c/portrait.webp,e865f5cdf2f01c79cab03a15c4ca00f083728e7df552cb0443431759dffa8b83,true,false,false,false,false,false,
assets/pending_media/spl/players/5c680c7fef3b48f4a311d7c9ef8541bf/clubs/504ab03d43954464917361ed38f5cad2/portrait.webp,cf69c82d0c502a694878ae6dfa8611d69ccaac07e9b158dee4070cdba09f3c5a,true,false,false,false,false,false,
assets/pending_media/spl/players/5c770ea318d846ae995b74fa8051df56/clubs/6bb24501d8c04b7e8cbd05fe89d8910f/portrait.webp,3cfe50c885229c629fc82f6df302de99a0fa6185f576216906d0323c8404f40c,true,false,false,false,false,false,
assets/pending_media/spl/players/5d6679737e2840e69732453d697196f7/clubs/2ba5364e60854fb8a7ca60903875e1ff/portrait.webp,e21cedde0560b4e221b1e8cc148602f5059bf3a496475065cfc548d8e9977e9c,true,false,false,false,false,false,
assets/pending_media/spl/players/5e2c0584a46c496cb05a2dede6ec0bec/clubs/2ba5364e60854fb8a7ca60903875e1ff/portrait.webp,1b983f4f0101f8950d3b5587861ac4670b69221c5df50484df64ff9b7f17a399,true,false,false,false,false,false,
assets/pending_media/spl/players/5e315371b03645549c8fc0a2140156d5/clubs/b950674ec2cf4184a0dea482414ac915/portrait.webp,2a0c8c6aebebf7052002c5bbfb191340d0853810c557ae99a48016521cf17a1e,true,false,false,false,false,false,
assets/pending_media/spl/players/6167159e21844603b31161708d260886/clubs/6bb24501d8c04b7e8cbd05fe89d8910f/portrait.webp,f51a2ef3ee259d4b8f6a1229c6f2a311ac7a2a2a080dd4cf6d82aa7758eedf0f,true,false,false,false,false,false,
assets/pending_media/spl/players/6189cee3b5d545088510b3f836cd4810/clubs/5c55f144687d497da1249c312392bb47/portrait.webp,302fe10c53b53b6ca72fc4f16cefbfc146a2f402684145a1a1a2eb3b62095b8c,true,false,false,false,false,false,
assets/pending_media/spl/players/6291686967f34b06a914e5641eebe403/clubs/8169ad25b0754c44a49375717b3f9fb2/portrait.webp,3e6ee3fcee354ebc99976457547c2f7c6945aeacd217ce073d413339a268b663,true,false,false,false,false,false,
assets/pending_media/spl/players/62c1c91839954f468ea32c7eafbe4aa6/clubs/874890145b9d43d59ec3f646e8bd4fee/portrait.webp,84a32442a02581d86969bebe6a1f6ce0588045291ac24d038bdf86b86ce20181,true,false,false,false,false,false,
assets/pending_media/spl/players/633fd8c651424c7e8b1054d4633123ae/clubs/6bb24501d8c04b7e8cbd05fe89d8910f/portrait.webp,3cc5e14cce3baf52197e95784645a52655211e13450d58e6fd817bec98e9ab2c,true,false,false,false,false,false,
assets/pending_media/spl/players/63c80c4fb91c4c17a5ca028373008650/clubs/8a2bfb4eeaad41e9a84107e0a9c75744/portrait.webp,296b85178b35a4a9fe19a1aa393b8f50c7688db88683aa37ff9cbb23a42f6e90,true,false,false,false,false,false,
assets/pending_media/spl/players/64333c6b845144ccb8179b7ce26496bb/clubs/02f22b11aa604566a1858f96addb669c/portrait.webp,506fb7377fe3af77d9bc2d408c420c3adb35fa165f9dcd4218fd7109dee87f65,true,false,false,false,false,false,
assets/pending_media/spl/players/648d3704cb914bf39a914cb8811469e7/clubs/b950674ec2cf4184a0dea482414ac915/portrait.webp,5bdb974d01e07d03f733c85560f69f592d14803026585c68edc5b60e06be50e3,true,false,false,false,false,false,
assets/pending_media/spl/players/64b40509b1f34cb291cadce1afcb8b27/clubs/02f22b11aa604566a1858f96addb669c/portrait.webp,b057f4444376e504f4e9426605c1872b2ead921006023857ae8a65884599189e,true,false,false,false,false,false,
assets/pending_media/spl/players/65ed7604a2d44e02a2d660464e9ae69e/clubs/6bb24501d8c04b7e8cbd05fe89d8910f/portrait.webp,0e55dd68699f042ba83a37e5f93c87fd9fd6e2057ba6120336991c6441ec7b8e,true,false,false,false,false,false,
assets/pending_media/spl/players/66795cf8219343d2b8c9946f97741e96/clubs/6bb24501d8c04b7e8cbd05fe89d8910f/portrait.webp,d79fa4e18444f3eb5a16629db3ba083b8a286d967c4d46bbdc81d6b078efa490,true,false,false,false,false,false,
assets/pending_media/spl/players/6a00f23f493d40c2aa7fde3664275713/clubs/b950674ec2cf4184a0dea482414ac915/portrait.webp,ec67b3a0eaddc08785c43d30c76d1144c098e1cfec262aec1c16cf81ab48b364,true,false,false,false,false,false,
assets/pending_media/spl/players/6a5e1d263324419dac5a2be67559245b/clubs/8a2bfb4eeaad41e9a84107e0a9c75744/portrait.webp,7774da6adf20e2141395f3fe96eaf768ad4da21c9304183a8ccec9dcaddba306,true,false,false,false,false,false,
assets/pending_media/spl/players/6dae63ac605d40bfa11bd9e845a38009/clubs/b950674ec2cf4184a0dea482414ac915/portrait.webp,51b53a6a350eb29ea62de0504c6463690ca96ee3ec46e066f10105aa8e527f3f,true,false,false,false,false,false,
assets/pending_media/spl/players/6e7852aa820745979b95db97ddccd8a8/clubs/5c55f144687d497da1249c312392bb47/portrait.webp,8b82a63d43f2af82040b3cad1f069ced83edba519b2906c671dab6ffc5b097c9,true,false,false,false,false,false,
assets/pending_media/spl/players/6f2c0010880c458694c7ddc6142cf426/clubs/6bb24501d8c04b7e8cbd05fe89d8910f/portrait.webp,16452e04e410f34c0c7f8743a0e62f54ebbb7747be1206d7d78fa53d1a501262,true,false,false,false,false,false,
assets/pending_media/spl/players/7021730542e64c4aa3268dff84f5c2de/clubs/5c55f144687d497da1249c312392bb47/portrait.webp,1f2151afcc0992956567a1757063c66bc96d97715194d2401f628f8ac00ad9a6,true,false,false,false,false,false,
assets/pending_media/spl/players/72266433495441d9a3ec71d0bfb9b618/clubs/b950674ec2cf4184a0dea482414ac915/portrait.webp,2c804ba41bb15f15bfd9b73210ce47772efe434b57ef08cde35a425327ee1ef2,true,false,false,false,false,false,
assets/pending_media/spl/players/7267c2949b2f403c917bdbb369d6ffdf/clubs/504ab03d43954464917361ed38f5cad2/portrait.webp,5b9137d925e43ae576586b8ef16647d407b48aff7b96ba3948098f175d03336a,true,false,false,false,false,false,
assets/pending_media/spl/players/72d1017b667f49508fa7c9ece67ee6d1/clubs/5c55f144687d497da1249c312392bb47/portrait.webp,55a1d295ad9a39b70fb198eefb386c630cff3d893bef4e43f0bb3363d223d41e,true,false,false,false,false,false,
assets/pending_media/spl/players/74347c0da03541fb966a1e192e73722c/clubs/b950674ec2cf4184a0dea482414ac915/portrait.webp,36d9faae1bd810b676ebedb8187b9f9cfb5bc9bb8ddd29b46f992e06cd9788fb,true,false,false,false,false,false,
assets/pending_media/spl/players/747985820a6e4440b8f7082fb41a5a82/clubs/8a2bfb4eeaad41e9a84107e0a9c75744/portrait.webp,02f365e89d4fff333bff7d25733d89a7371b74ce9094df5c018fdb834192c449,true,false,false,false,false,false,
assets/pending_media/spl/players/753adc9ffc5c488cabd1654e312d0c65/clubs/874890145b9d43d59ec3f646e8bd4fee/portrait.webp,c8c532dd16d2d0da650fb06de94d3bbf8e93fc0c63cea859c5a79b02b957527d,true,false,false,false,false,false,
assets/pending_media/spl/players/7545526283cd4f3683dd5bf48dbb07c7/clubs/6bb24501d8c04b7e8cbd05fe89d8910f/portrait.webp,dfcc5ccc1720c03fc45f7f7d88dd02b19e5055f5f63dd72f6475b0e05842942c,true,false,false,false,false,false,
assets/pending_media/spl/players/789c40cad39049f6821c8efdc6b9c921/clubs/6bb24501d8c04b7e8cbd05fe89d8910f/portrait.webp,1dfd6d9ee70fc09f1a06599a11901c9f74355ea5afe1a8c62a890ae17f311ccc,true,false,false,false,false,false,
assets/pending_media/spl/players/793316a10ae143d18f39d1dc864a0258/clubs/8169ad25b0754c44a49375717b3f9fb2/portrait.webp,1afdd7c2297569b34b4010f64fcc3d73cb6addc55e08bd2f66c155615c4b2702,true,false,false,false,false,false,
assets/pending_media/spl/players/7973157445fd4848b0fc6579774a9455/clubs/8169ad25b0754c44a49375717b3f9fb2/portrait.webp,3ea4dc90c0e659aebd86c6285cb91cffc57f8fde0d39577a359858fa68f23de5,true,false,false,false,false,false,
assets/pending_media/spl/players/7a1066dbeb264e88a2e95c446a45d241/clubs/874890145b9d43d59ec3f646e8bd4fee/portrait.webp,f0cbc70a9d61895440333acf33ff1059830a1214402f23dbe97e55857be5c867,true,false,false,false,false,false,
assets/pending_media/spl/players/7c3a5523c6aa419b9cdd75be7ccfd498/clubs/504ab03d43954464917361ed38f5cad2/portrait.webp,c0a11f3c6aa912f8e12da57bae4e212393127064b0c22c367ec7d0abeb474587,true,false,false,false,false,false,
assets/pending_media/spl/players/7f6266f04b5a41af8a697b01bc66a7a7/clubs/6bb24501d8c04b7e8cbd05fe89d8910f/portrait.webp,12759fb5286ad0e8a1b254c954eee7c8e2870002125b23f68874d59daf176e37,true,false,false,false,false,false,
assets/pending_media/spl/players/8328a96c102241869fce77c25e543405/clubs/8a2bfb4eeaad41e9a84107e0a9c75744/portrait.webp,65a731633fd8dc6ee800c5fe60a4fabcf72e1527c19399f9582fa29981651ee8,true,false,false,false,false,false,
assets/pending_media/spl/players/83a1149b364241b9b8949dadc0dd1b1a/clubs/504ab03d43954464917361ed38f5cad2/portrait.webp,5dac69681938aca721892cdc6f6c893fc234097e557acf31e914df8e18799f26,true,false,false,false,false,false,
assets/pending_media/spl/players/83d2c8704584415c974daeef38625925/clubs/6bb24501d8c04b7e8cbd05fe89d8910f/portrait.webp,8f7060a20393a91025864ad5991b99615a66330230e712ec989ffff2c8c8e32b,true,false,false,false,false,false,
assets/pending_media/spl/players/8451fad76a8a4aa590b7b0628f2af390/clubs/504ab03d43954464917361ed38f5cad2/portrait.webp,bdb340c2dd592ac46d2f112b75c828feb823617b813afa36bb22a3f3dcc2a983,true,false,false,false,false,false,
assets/pending_media/spl/players/87026859755f4494805d4350a2c7ba2c/clubs/6bb24501d8c04b7e8cbd05fe89d8910f/portrait.webp,eeacfccd8e1f664e1512d20c9b6834b9c67bf75986e7ee399b6c46739b7a2a75,true,false,false,false,false,false,
assets/pending_media/spl/players/87edd26aa5a04392b91fd53e9223f8e7/clubs/504ab03d43954464917361ed38f5cad2/portrait.webp,0ea7028279627d1b670a4d35e8fca8644c0a49b8f8cd64bf1c523a4d7297c629,true,false,false,false,false,false,
assets/pending_media/spl/players/89bd68be73f54531a34cb7c508d97874/clubs/2ba5364e60854fb8a7ca60903875e1ff/portrait.webp,80b55235db8e04c5e360fccdb1261ecd8261e6e7573e0ad31ea3592e158d2ee7,true,false,false,false,false,false,
assets/pending_media/spl/players/89d0f813af9b4a989f6a621fd39148ec/clubs/2ba5364e60854fb8a7ca60903875e1ff/portrait.webp,0d412e80eab1177328b5f8177d4a8f3dcdd100b5851155bdd52efedcabdd8450,true,false,false,false,false,false,
assets/pending_media/spl/players/8a55d4ed9679471ca38becf9ab6ed102/clubs/1a2a221d20d34ffa8f41246ce61f2079/portrait.webp,9ca11458565ee5de09c570e23c7a2feea83db6314c942198f0032b3ee006fd44,true,false,false,false,false,false,
assets/pending_media/spl/players/8aa58d231f2841f79069ae73e2540c01/clubs/b950674ec2cf4184a0dea482414ac915/portrait.webp,07fcfba4da75ec436803d5d0c8859497e7b091b34613561576c09e486fa833bd,true,false,false,false,false,false,
assets/pending_media/spl/players/8b9d6a569d394e9ba719e6abc0595543/clubs/874890145b9d43d59ec3f646e8bd4fee/portrait.webp,3d9beb28712b8bc87f9ea3a873e362e114f1997b385806fc174291baa1992f23,true,false,false,false,false,false,
assets/pending_media/spl/players/8cd00ed2103b4d619da80715ef4ff9c9/clubs/02f22b11aa604566a1858f96addb669c/portrait.webp,718b22df5fb02c9ee229b953dd72cd2b057fe011109e10a36e5f8a19af146058,true,false,false,false,false,false,
assets/pending_media/spl/players/8d7bceda2fb64eb6833a5a6faec94b44/clubs/1a2a221d20d34ffa8f41246ce61f2079/portrait.webp,6ee3631645bf61b57c606fc3565a8f4cedd4c88280a7b4dd7cd556b5b9b93694,true,false,false,false,false,false,
assets/pending_media/spl/players/8ef376e16f1e4844bb04382eb1611c2d/clubs/8a2bfb4eeaad41e9a84107e0a9c75744/portrait.webp,ba3ac4636f2d8909f53c8ff9a9f45d6243805c63148abda1746c8a3579bb3a17,true,false,false,false,false,false,
assets/pending_media/spl/players/8efe1c494b3a4176933b82ffed88373b/clubs/b950674ec2cf4184a0dea482414ac915/portrait.webp,9c4de14dcdf7b64f1226f5829214ee484b454b4e6fe4f9000e052ab9b97f855a,true,false,false,false,false,false,
assets/pending_media/spl/players/8efeed8101f04979b44bc77881ed53a3/clubs/8169ad25b0754c44a49375717b3f9fb2/portrait.webp,2f812118aae074d0a9db819b205b9cfc74592e929a33e8779507a435534732df,true,false,false,false,false,false,
assets/pending_media/spl/players/8f7af5bd628d430e9897baea1487e0b3/clubs/b950674ec2cf4184a0dea482414ac915/portrait.webp,cba52637d66ce6c5de7aed1dfd949cbe81aa04d42d514ba8621a9657f656d75a,true,false,false,false,false,false,
assets/pending_media/spl/players/8f9d845a2ba74662965f75a7b0600bba/clubs/504ab03d43954464917361ed38f5cad2/portrait.webp,d705fdad3cc68f01aa2fe58862ac2a60d17ad118897ac0ced9352a9d2bf36152,true,false,false,false,false,false,
assets/pending_media/spl/players/900b5b4211d341b6918f79ba019d78c9/clubs/2ba5364e60854fb8a7ca60903875e1ff/portrait.webp,41e9927eab83f905508b832a4616b2c0ad8a72242e3bca44ebe3bdfcf12501db,true,false,false,false,false,false,
assets/pending_media/spl/players/90649a9893964c4697eaba34ff8c8151/clubs/5c55f144687d497da1249c312392bb47/portrait.webp,2d5b99070158dd94b2446dc41204990e1d90e8e9c812621b436ce0c2d5008e5f,true,false,false,false,false,false,
assets/pending_media/spl/players/919260badb77441bb5ee2c9383831ee3/clubs/b950674ec2cf4184a0dea482414ac915/portrait.webp,e5616322ab3a86500fb578a2cc8140940c83e30dc6ca6c3c9f87894f2a0be36b,true,false,false,false,false,false,
assets/pending_media/spl/players/91c15c16bcbc45ddb0713ddc9ae20c61/clubs/8a2bfb4eeaad41e9a84107e0a9c75744/portrait.webp,03723102c7fad3a6523fce815bf0fa69579b11d80e772d352f53b652b3f9e96b,true,false,false,false,false,false,
assets/pending_media/spl/players/940e529fad3c43109651daaa46cbc6b0/clubs/8169ad25b0754c44a49375717b3f9fb2/portrait.webp,acc662dc70a314bf54c3daf01b71490034400503e7fbcb86f63aeea560535847,true,false,false,false,false,false,
assets/pending_media/spl/players/95333736b45d433a949df187c3890a8e/clubs/8f7c588e0292459f98d90969682dc2ae/portrait.webp,f0932cf6ff5156c7b9b35503f3b4456314017f4f48bd4a07ba6dd6eaab42310f,true,false,false,false,false,false,
assets/pending_media/spl/players/954f35b5cac044e8b570c5613f13a94e/clubs/8a2bfb4eeaad41e9a84107e0a9c75744/portrait.webp,29f171220a2147b89063b32c67eacd3aa6c04a71cdb47f8e396c44d2e612c741,true,false,false,false,false,false,
assets/pending_media/spl/players/95f421bc90e345f9b3663c7fe68a6b5a/clubs/02f22b11aa604566a1858f96addb669c/portrait.webp,385aa27fda3fc653773688a726ad23cf640b8eaca59ab3a3fd1e8ec55e0c017a,true,false,false,false,false,false,
assets/pending_media/spl/players/960ab2cd1ed84e5494f01515ea97f201/clubs/b950674ec2cf4184a0dea482414ac915/portrait.webp,ad7040ac31e2b9369f114151b6f33c96874d319a5b4df83318f80cdb807da74c,true,false,false,false,false,false,
assets/pending_media/spl/players/9851959ee70f456eaaa450625f40483a/clubs/b950674ec2cf4184a0dea482414ac915/portrait.webp,14e18f071d0e4daae574ee265d50bb3d609ee89b0576e6e7588e2017a7d6b360,true,false,false,false,false,false,
assets/pending_media/spl/players/9877c77b8a1445e1a71d2702d1a01620/clubs/504ab03d43954464917361ed38f5cad2/portrait.webp,7b50b384f3a73b61f9027f1f50d50f3af7725812614235c9531cc8e5e6510114,true,false,false,false,false,false,
assets/pending_media/spl/players/98db156150a14ad584414f9f0a10d511/clubs/6bb24501d8c04b7e8cbd05fe89d8910f/portrait.webp,a377df51ef09e5e7d444636c7c24e78d00a09e103c4d716b6c88964687e90237,true,false,false,false,false,false,
assets/pending_media/spl/players/994f81a1cef14d95bf713e8ce3defc81/clubs/5c55f144687d497da1249c312392bb47/portrait.webp,c9a44a2756913e8fa03dab7474ae47f1820d6bdbb55bf306edbf6d90d9c06096,true,false,false,false,false,false,
assets/pending_media/spl/players/9a731a8680af4acf8c476ef2bbd78dc7/clubs/874890145b9d43d59ec3f646e8bd4fee/portrait.webp,1c6cc2d4c66965ac5e40691970888ad9632a109c2c5878f1f0f3d97f56bc73e8,true,false,false,false,false,false,
assets/pending_media/spl/players/9ac259e34edc4269b4b696a8bb72fbb9/clubs/1a2a221d20d34ffa8f41246ce61f2079/portrait.webp,34eb370d0945f0debd77603227d3095d578518810ecfea738cb9aa3672a28d50,true,false,false,false,false,false,
assets/pending_media/spl/players/9af7f68755884d268c3f181bb15d1e6e/clubs/874890145b9d43d59ec3f646e8bd4fee/portrait.webp,d51438d69881254cb75595141f9c838d3b0ee4d5a56076689293bdf724fc091b,true,false,false,false,false,false,
assets/pending_media/spl/players/9b038fb1140747f2b799be3acdb6de62/clubs/6bb24501d8c04b7e8cbd05fe89d8910f/portrait.webp,c527561458bac0770bfba12b56a60cd49e74551c6255373f7081b3eaac65d563,true,false,false,false,false,false,
assets/pending_media/spl/players/9b21d0cafdd542e5aa12459938948bf1/clubs/b950674ec2cf4184a0dea482414ac915/portrait.webp,74cb7fbbb1598dd54eb9082efbf9b671aa85a60e6f3ad2ed7d2a51d44b147175,true,false,false,false,false,false,
assets/pending_media/spl/players/9bbca38e3eb14a07844a0501bbf558b6/clubs/504ab03d43954464917361ed38f5cad2/portrait.webp,d5a5c8414a4cf5f59646bd607f1eb255a627ad46f92715579031650cdb8bbd62,true,false,false,false,false,false,
assets/pending_media/spl/players/9c0f115ea5474611a896a9d68decbe58/clubs/5c55f144687d497da1249c312392bb47/portrait.webp,1f119054e5ae50bccd39d65a5df0a76310df08924dc4868e019aad9066cc8971,true,false,false,false,false,false,
assets/pending_media/spl/players/9c3e8a8adc6544b7bd0b14d6a74c121c/clubs/8a2bfb4eeaad41e9a84107e0a9c75744/portrait.webp,c40cd6ee52bba93be9947aa55860ae27c40039aa7ce89ce03031840b29dea6be,true,false,false,false,false,false,
assets/pending_media/spl/players/9e5c642e087a4a168f27c5ab6e4f9a60/clubs/874890145b9d43d59ec3f646e8bd4fee/portrait.webp,e6b9632fc487d94cf5d4a59420371b0686797d3d04901e2f2606e4392bbbcc71,true,false,false,false,false,false,
assets/pending_media/spl/players/9f2d77d60d15433fa554f93ce07ced77/clubs/8a2bfb4eeaad41e9a84107e0a9c75744/portrait.webp,5116235235fe1a78d13408c3210a04468018e3b62e2c88c02e19e2483898731c,true,false,false,false,false,false,
assets/pending_media/spl/players/9f9c464eb0a547c4bd36eba86aed3f0c/clubs/2ba5364e60854fb8a7ca60903875e1ff/portrait.webp,a2840755ab8ef7c66321c6a7d342f75298b5af1d4e2af1a5aea4218f2666fc7a,true,false,false,false,false,false,
assets/pending_media/spl/players/a1265db9908c46f38f79a6082d089bf5/clubs/8169ad25b0754c44a49375717b3f9fb2/portrait.webp,504cfc17f6fd0ac199c40e5a8021cf879d93d67f3e585df9eac2b991d9f4d2ac,true,false,false,false,false,false,
assets/pending_media/spl/players/a34e67feba2c4d03953e812d19e2e576/clubs/1a2a221d20d34ffa8f41246ce61f2079/portrait.webp,982ddfbd39d9a2e9356a4db7b8ddd37f907f1d0427ee0c341c649f0dad0f12f5,true,false,false,false,false,false,
assets/pending_media/spl/players/a4d6b4cdc1fd4f2a91f12c1846b54936/clubs/b950674ec2cf4184a0dea482414ac915/portrait.webp,191d922e46c101fc7ea939f165b0dd5ac18da7d2d057d193513e874653efbfb8,true,false,false,false,false,false,
assets/pending_media/spl/players/a675b4e6848d4a9fa0b7b449abfd6da0/clubs/02f22b11aa604566a1858f96addb669c/portrait.webp,9c13dbbac29fd15c9ac8b885c0f80e72646429a6509a91d2c2d32f454519ff1b,true,false,false,false,false,false,
assets/pending_media/spl/players/a90750e65f074978b2c12372d595e7b2/clubs/874890145b9d43d59ec3f646e8bd4fee/portrait.webp,42c268a9e7ba461b524506c961f788c71f0c5cdbb9c5af7bfafe164ea99d0c50,true,false,false,false,false,false,
assets/pending_media/spl/players/a92aa774fbf7474fb7fdc94b63bf8f8a/clubs/8a2bfb4eeaad41e9a84107e0a9c75744/portrait.webp,3cffc3449dc66cb4cfa409e0941991920b3b1bd2352a0d201767ab3a84303aa7,true,false,false,false,false,false,
assets/pending_media/spl/players/a98f310107a74fc2b558a61c4475a5bd/clubs/5c55f144687d497da1249c312392bb47/portrait.webp,0359e2ea84046ad9d37b1e7859353cc3be600bf4676bd68fb1ab78227e973c11,true,false,false,false,false,false,
assets/pending_media/spl/players/a9d6a810c60e40f184b6ad34482ad271/clubs/5c55f144687d497da1249c312392bb47/portrait.webp,5bea0d70c07d386ca99f90ce6c5d0b0ca7b041c4d5e12492fd0d1c9519bff462,true,false,false,false,false,false,
assets/pending_media/spl/players/aaa1c6ab7b02433bbc6a99e3bae9a561/clubs/504ab03d43954464917361ed38f5cad2/portrait.webp,afad0804b803de295dd3bd89d6fdba60855831f6abd3a10df761f1549bec0688,true,false,false,false,false,false,
assets/pending_media/spl/players/aac2c01a3d6b408bb06c3c84f77f5de8/clubs/02f22b11aa604566a1858f96addb669c/portrait.webp,ee65400d9bdc65ef398dfa81cbe6c8a82914a4f7fc247e8405e62455dac74efc,true,false,false,false,false,false,
assets/pending_media/spl/players/aba883c5cfcd47ca9b8f31b9ae7b01da/clubs/b950674ec2cf4184a0dea482414ac915/portrait.webp,e4812c04749f3ab513d0008364e3d78e797c3366c6d3a44af313e805b01181e1,true,false,false,false,false,false,
assets/pending_media/spl/players/ace9f1e6b8fb4eb7808d256f370b09c5/clubs/8169ad25b0754c44a49375717b3f9fb2/portrait.webp,ee210881e548dea2312eec7f4028ef1c50e7e9e617a2b0c95b4ed721a14618d0,true,false,false,false,false,false,
assets/pending_media/spl/players/ad00c6c91a9b448aaad53a2349808db3/clubs/8a2bfb4eeaad41e9a84107e0a9c75744/portrait.webp,3a761dcd390842948ef21dd71dd2698dce977dac734b6a9d8cd57393eb61abbc,true,false,false,false,false,false,
assets/pending_media/spl/players/ad1ab7035d48443780241305c6a791e0/clubs/1a2a221d20d34ffa8f41246ce61f2079/portrait.webp,9b94bce3e37a5a4fbe74542a0467a7eee9bd202237ee7a17022deaaaae2655d8,true,false,false,false,false,false,
assets/pending_media/spl/players/aeaa2d21919b492c913baf5b96ab35c0/clubs/504ab03d43954464917361ed38f5cad2/portrait.webp,f7c51193b19b240b051d8b9b7cc5cd76643b9347970822b55ce4dc14a81c1491,true,false,false,false,false,false,
assets/pending_media/spl/players/aeb89f5316804fa5b916a52334a6ef38/clubs/8169ad25b0754c44a49375717b3f9fb2/portrait.webp,753df79b64354fc167046a4e8b01dc29b464a0895dc2dff7d1a5d119ceccee27,true,false,false,false,false,false,
assets/pending_media/spl/players/af25333c4d5f42deb9a63ceb2800a418/clubs/8a2bfb4eeaad41e9a84107e0a9c75744/portrait.webp,22144e75e3ee70b0b20571bb0f1740724d1adcbeb6f198146e57254b68d8a6e1,true,false,false,false,false,false,
assets/pending_media/spl/players/af52c741b59c4a62a9b30b5ce888876f/clubs/b950674ec2cf4184a0dea482414ac915/portrait.webp,5836bb798e065bf067ec4c0ebd8c2210c41ca24c91c4c5b22de92a812ede1bb7,true,false,false,false,false,false,
assets/pending_media/spl/players/b138266fe66d41ca87dd21ff592baee7/clubs/8169ad25b0754c44a49375717b3f9fb2/portrait.webp,2238fcbd7a4a358b78d00c2992c60c389e1ea49108f15a955c97d05fe0b88c0a,true,false,false,false,false,false,
assets/pending_media/spl/players/b1faa5080b8647b4b50891f72492c0d1/clubs/5c55f144687d497da1249c312392bb47/portrait.webp,9cb654984d206686fa4a733c7bbe764f7d88cd8a2b8b990b0c66a0199370e560,true,false,false,false,false,false,
assets/pending_media/spl/players/b42addbeb0034e6da4751ff21f9f2fa1/clubs/2ba5364e60854fb8a7ca60903875e1ff/portrait.webp,7de9d38974f1a47912205295edb34e6b592d9b8d8e6353b96585c3513d2fe87c,true,false,false,false,false,false,
assets/pending_media/spl/players/b49ff400cb71406bba131156c2a5e36c/clubs/b950674ec2cf4184a0dea482414ac915/portrait.webp,1451e438dd095184e20aa870b46161ec07be8b55d45c1d33353e9d74588b51b3,true,false,false,false,false,false,
assets/pending_media/spl/players/b4afed443cc14d75951401b38b18a1ae/clubs/874890145b9d43d59ec3f646e8bd4fee/portrait.webp,8e85d72a1b901ba85313134cba98b75c22a30a12b8ab83e2c566699ed1551334,true,false,false,false,false,false,
assets/pending_media/spl/players/b53c92a40e354427b1d0a3ce02a7290d/clubs/8a2bfb4eeaad41e9a84107e0a9c75744/portrait.webp,90f187715f85c11a49bc9c7ed68a55da06b90feb59d1481b4136020889134134,true,false,false,false,false,false,
assets/pending_media/spl/players/b573cfcecdc244cca227a93d9900573f/clubs/874890145b9d43d59ec3f646e8bd4fee/portrait.webp,3eb58470dc82aa55fc18a6da81671aea7ab2c9e135f0b53109dc8705c6e5195d,true,false,false,false,false,false,
assets/pending_media/spl/players/b6032ff23486414cbe03468d83865d8f/clubs/8169ad25b0754c44a49375717b3f9fb2/portrait.webp,dd0459e9428cab2ef104353f6f8f19a4d38707e61b108826223e317f190695a7,true,false,false,false,false,false,
assets/pending_media/spl/players/b64599bace25409589774d9e6459718e/clubs/504ab03d43954464917361ed38f5cad2/portrait.webp,f13c6ba2d3138d228e8daf84d202d83bc937c7faff8a34c6a90f5b3b3bcd2299,true,false,false,false,false,false,
assets/pending_media/spl/players/b918f217758d4199ad21e099bbc45437/clubs/8a2bfb4eeaad41e9a84107e0a9c75744/portrait.webp,3ddf6e279dfb158f7568c178597d80ae952abc26be1756ea6dda13dc1f4448d8,true,false,false,false,false,false,
assets/pending_media/spl/players/b9307cbae1ef4a17a22bd07a561db39d/clubs/b950674ec2cf4184a0dea482414ac915/portrait.webp,5ccb0dc537c0d0daaed50c62002697bce832f618eb6d177f20fcc087da786e63,true,false,false,false,false,false,
assets/pending_media/spl/players/bb1c36a997394f0094cfb7454572ff71/clubs/8169ad25b0754c44a49375717b3f9fb2/portrait.webp,35ad60d63b1d9af82d34ef85ecdebb9101b8c8c4864cdf4cb5b756b3a1afd9b9,true,false,false,false,false,false,
assets/pending_media/spl/players/bb2b28ee5b874e7994f16483403742f7/clubs/8a2bfb4eeaad41e9a84107e0a9c75744/portrait.webp,f5525f34cad74dece9127fd555f2f4abf86b8184d3c47d73a5a69fb57f9c85ca,true,false,false,false,false,false,
assets/pending_media/spl/players/bb32d82a769a48a19a11fd75ee33a566/clubs/5c55f144687d497da1249c312392bb47/portrait.webp,9c00e222dcc37a12920f035add1afaec88a747548857a556da2c0391293d7e56,true,false,false,false,false,false,
assets/pending_media/spl/players/bb9aee60478347b8b907a879230e51ef/clubs/02f22b11aa604566a1858f96addb669c/portrait.webp,2672fb4a0b204935db32a457a4141963c1276689e84653b8b3ac988a51219f8e,true,false,false,false,false,false,
assets/pending_media/spl/players/bcd95687022a4abfb9ead7796e8a063d/clubs/5c55f144687d497da1249c312392bb47/portrait.webp,c66be140e188cfd64527fffee608df4c6988ad7b8e2b6f4d8aecd159f10dcb2b,true,false,false,false,false,false,
assets/pending_media/spl/players/be164674753d41b4a02f0044110c0006/clubs/6bb24501d8c04b7e8cbd05fe89d8910f/portrait.webp,4b08cda8c183832511897f4e169d1b8cd8345a322ae3eec21dd2c5053d8ac870,true,false,false,false,false,false,
assets/pending_media/spl/players/be16f9797eb940ee96473f051bc2dd56/clubs/874890145b9d43d59ec3f646e8bd4fee/portrait.webp,e5560322c1d5cefbbd03ddcff7c28b744a775f3a7a81b019189b6c1d3496ef62,true,false,false,false,false,false,
assets/pending_media/spl/players/be2a0e2b4f504e099a94c2dd29ae18f1/clubs/8a2bfb4eeaad41e9a84107e0a9c75744/portrait.webp,b539b520c62bef06fcb90e6f9431bac8fc57677e1f93ab24b30aed2594659b4b,true,false,false,false,false,false,
assets/pending_media/spl/players/be43a88a0fbe46c0a145fd6ba41a7983/clubs/2ba5364e60854fb8a7ca60903875e1ff/portrait.webp,047a9afd4ebcb6587b6d22fcfec26487059d6865e0f58a1936fdb6d070fd5fa4,true,false,false,false,false,false,
assets/pending_media/spl/players/bee7b80c09e048f8874df814ec2a53ae/clubs/02f22b11aa604566a1858f96addb669c/portrait.webp,e2165c6ab2b505442bc1ce74c67f0256c473f59ca8d5d6cbdcceb781e72f7d74,true,false,false,false,false,false,
assets/pending_media/spl/players/bef8a8e450b4416dadd31b538987e4e3/clubs/8a2bfb4eeaad41e9a84107e0a9c75744/portrait.webp,cb89973afc2ea7499f4df4801a93287fb0fd646d269e4135621947da4614706b,true,false,false,false,false,false,
assets/pending_media/spl/players/bf25449426ff4f1a82793c40fc47b5f4/clubs/b950674ec2cf4184a0dea482414ac915/portrait.webp,97dd0fd25f864a936e0d33120212c4c83e5c0e9859203197ded82b2d84b294f4,true,false,false,false,false,false,
assets/pending_media/spl/players/c0a01c9785f84b6abb759a403bf9889c/clubs/8169ad25b0754c44a49375717b3f9fb2/portrait.webp,5b9a053fa43c23be9afeb5412ce7f366c3a40ba020a804781e5a7f948432a74d,true,false,false,false,false,false,
assets/pending_media/spl/players/c0a9b58415e9419386fc045ba559c3a7/clubs/504ab03d43954464917361ed38f5cad2/portrait.webp,c037c56d13327eb0033760ca9fd2e16d21ec7f55a73d38e25eb13705ba59225f,true,false,false,false,false,false,
assets/pending_media/spl/players/c0d4a2945cc14f1288e6b8626fdde450/clubs/504ab03d43954464917361ed38f5cad2/portrait.webp,5c19bcfbb686da79b26a292a030ccd688ff86edb27d215d9f28fc516fd7e9685,true,false,false,false,false,false,
assets/pending_media/spl/players/c197e5a35bbc4dfc8540f24502f22913/clubs/2ba5364e60854fb8a7ca60903875e1ff/portrait.webp,54f30172a3cb2cff3ac4793d72d25d588b24996a0d02116e559e25d5a2c1e5fa,true,false,false,false,false,false,
assets/pending_media/spl/players/c1d003ceceb74946aacdb24f639d958a/clubs/b950674ec2cf4184a0dea482414ac915/portrait.webp,3ed091974d281f761e8258f90edf800eca40f1469886ecdb507313d432013044,true,false,false,false,false,false,
assets/pending_media/spl/players/c3b04bc18156414e8cf28c3ed17d32e9/clubs/02f22b11aa604566a1858f96addb669c/portrait.webp,72924ce1ab85c5ad51b46c6770450f1d36d514a9e4e846e106bc991ba4398b22,true,false,false,false,false,false,
assets/pending_media/spl/players/c3e07e1a71564c8597beca50e9112ca7/clubs/02f22b11aa604566a1858f96addb669c/portrait.webp,8fdbfe41119c76963fa4263a521d1fe0fe3f68749679957067e0a4416d618b9e,true,false,false,false,false,false,
assets/pending_media/spl/players/c5cbb96c35d1405ea7830bbae51190c5/clubs/8169ad25b0754c44a49375717b3f9fb2/portrait.webp,e23abc6f8bf3e2c04791eafa789f34913bfc80f2499fa6bfe60f51e393ec6b0d,true,false,false,false,false,false,
assets/pending_media/spl/players/c5dc3c88899349d98e1a98d48ffb8c7e/clubs/b950674ec2cf4184a0dea482414ac915/portrait.webp,07136b41c4cfd0dd3a9b93e857db167f0262a3b628cb6ea5433de25d4a083b22,true,false,false,false,false,false,
assets/pending_media/spl/players/c62a7a131c8d49b7a91d9cc505ed7e3b/clubs/8169ad25b0754c44a49375717b3f9fb2/portrait.webp,7f7d0317d4b01c8ab5d1d84421ccbc53b8c32ca1ff7ff2f356e35f7914a70ade,true,false,false,false,false,false,
assets/pending_media/spl/players/c69aa2787b7847bfa0990c6064f60bf1/clubs/8169ad25b0754c44a49375717b3f9fb2/portrait.webp,2a1a19953ae71d23f005899dcbb059711edda32fe8c98b48212353b03ab95776,true,false,false,false,false,false,
assets/pending_media/spl/players/c7d0fdca575a4527bb94495f304dcc20/clubs/8a2bfb4eeaad41e9a84107e0a9c75744/portrait.webp,72b347a7d5685ea99eda0d30a036e99d14fec3278f10da2aaed9a62dd271d92f,true,false,false,false,false,false,
assets/pending_media/spl/players/c83a3e7fc01b41e08de1a6c666859ca2/clubs/8169ad25b0754c44a49375717b3f9fb2/portrait.webp,8160c6997064074bda3a548fc5bc7cc4f66c12ef2125732e3b432d78102d5bb8,true,false,false,false,false,false,
assets/pending_media/spl/players/c95bccd46ee345eebd30494cd31c56e1/clubs/b950674ec2cf4184a0dea482414ac915/portrait.webp,765de59cdc1f0f11ca8435b9d53c01d002471982de06b9568dbe6688a8a4a2c5,true,false,false,false,false,false,
assets/pending_media/spl/players/c9cfa3f65ce04ffe9a57f6ea8dbd7189/clubs/8a2bfb4eeaad41e9a84107e0a9c75744/portrait.webp,4c770448e734a0a022a932f931250e100dafc5fd9e41786b726648d7dbbad15b,true,false,false,false,false,false,
assets/pending_media/spl/players/cabe2ac939e741ea80dff2b2fa6a429f/clubs/504ab03d43954464917361ed38f5cad2/portrait.webp,a503eab5913addc3af2b2815ba1fcc06852c757714415daa8df1c9259a964731,true,false,false,false,false,false,
assets/pending_media/spl/players/cc72887585904f96aa211dcf18320f7d/clubs/8169ad25b0754c44a49375717b3f9fb2/portrait.webp,d18b5db1d5236b313fec4241da721bffaa62783a6dbd3ea3c3bac069dcb3b9ff,true,false,false,false,false,false,
assets/pending_media/spl/players/cd2fcae1b98842ce8e9761721d1ca04e/clubs/1a2a221d20d34ffa8f41246ce61f2079/portrait.webp,9c977f989b549cb7ff472bbae9b168454b73c097fc5280e32f8ad4d468466d75,true,false,false,false,false,false,
assets/pending_media/spl/players/cd6d4e29fefc4736aa2b1b7a8886229b/clubs/874890145b9d43d59ec3f646e8bd4fee/portrait.webp,0fabf63cdc512c50e9a9660d837298a4745a814deda672d6fff005cce375db34,true,false,false,false,false,false,
assets/pending_media/spl/players/ce9293c4b22e4bffbea224e99bafcefb/clubs/6bb24501d8c04b7e8cbd05fe89d8910f/portrait.webp,ff8a56dda7cead4887b6646ca3090319d40440351efdf84ba4893dfd2ba64dcb,true,false,false,false,false,false,
assets/pending_media/spl/players/d0dc0e76987d49059e9483b094cd08af/clubs/6bb24501d8c04b7e8cbd05fe89d8910f/portrait.webp,13a5f9a234a8c541e7bb65db38b1d312459067f54b4fcb5b9090fbfa79e75f75,true,false,false,false,false,false,
assets/pending_media/spl/players/d10f82a7484444fa8199290fda3de7ec/clubs/02f22b11aa604566a1858f96addb669c/portrait.webp,a5aedac7f108d989f27aef70dc37ae43038862e8ce76f09a6ed92104131a1699,true,false,false,false,false,false,
assets/pending_media/spl/players/d14974d37892435c9a2cbb3bf925df84/clubs/8f7c588e0292459f98d90969682dc2ae/portrait.webp,ee9e11403608c1ac4f7e52034f04648febf4465e6a6cdf6b9f578f9864e926af,true,false,false,false,false,false,
assets/pending_media/spl/players/d1b4dd6c8f114238b91776152fba9f8f/clubs/1a2a221d20d34ffa8f41246ce61f2079/portrait.webp,5e754b9d228da1279d33fcebf0e4b727f43352801daaf167b4148188cf4d15c6,true,false,false,false,false,false,
assets/pending_media/spl/players/d357777252c344818cd5553bd7a2bd64/clubs/1a2a221d20d34ffa8f41246ce61f2079/portrait.webp,75c75058966b400e1284eb8aa9b760951046c0d78cdd4d1d62425361064c69cc,true,false,false,false,false,false,
assets/pending_media/spl/players/d3b51bd0062440dbacbd33d27f5f980a/clubs/504ab03d43954464917361ed38f5cad2/portrait.webp,f84f256b1bb5435b5343bb3b568de5f725884345efe22e15848ff04fe255403b,true,false,false,false,false,false,
assets/pending_media/spl/players/d4289f036937475c94208b629f0916dd/clubs/504ab03d43954464917361ed38f5cad2/portrait.webp,3d62bec98c4fa1f3b7bae4095ea2031d172a17073d44e2a909e815ba6711ee56,true,false,false,false,false,false,
assets/pending_media/spl/players/d44a3bb64233467faa81b135297b0cf2/clubs/504ab03d43954464917361ed38f5cad2/portrait.webp,005b40dd2c8fd35a5b3491c6e8a48cff6b36d57a4618a2aa9d19aad8f2413693,true,false,false,false,false,false,
assets/pending_media/spl/players/d52153da85e64d8e9a50b6c0e7eabd2e/clubs/2ba5364e60854fb8a7ca60903875e1ff/portrait.webp,f393f015f240df1ef18df57da345e2a01911ba5535b7645eaee2563b83e39a5c,true,false,false,false,false,false,
assets/pending_media/spl/players/d62f2411ceab46d18c47e9cb8ad24a39/clubs/5c55f144687d497da1249c312392bb47/portrait.webp,35d3246d0a02a932da6319af2324d341c710ae976a8c459a340bf3bfa09f1543,true,false,false,false,false,false,
assets/pending_media/spl/players/d73939fe7e99433392e6905b94fc60d1/clubs/02f22b11aa604566a1858f96addb669c/portrait.webp,77108dd6da2f243246d511198d3b2f4fbe9c5d42c07cfe0c3884fa67b69a9d92,true,false,false,false,false,false,
assets/pending_media/spl/players/d75de3560cff49fcadaf64d617bdbeb2/clubs/5c55f144687d497da1249c312392bb47/portrait.webp,123a67b4ae79d8d647a457f414d9d0539b38ba4335800b874aada5015980370d,true,false,false,false,false,false,
assets/pending_media/spl/players/d8e512d34c6f437db3638c56c23cce03/clubs/1a2a221d20d34ffa8f41246ce61f2079/portrait.webp,e723f9acd7ae52aeb1b4609a96ef477c656519376f0af4d537e5e6b703a5cdf8,true,false,false,false,false,false,
assets/pending_media/spl/players/d907609169fc43fbb1ed2f82b47fc2cb/clubs/b950674ec2cf4184a0dea482414ac915/portrait.webp,2daad848893dd1ac8499684b3c374b420e0203b2f4aeccd6811db3e4a6c0aae4,true,false,false,false,false,false,
assets/pending_media/spl/players/da21b651fc014d1999d6ee9645d01309/clubs/8f7c588e0292459f98d90969682dc2ae/portrait.webp,0d153144d7e896ca100090125b72cb026fd80b7939106c26285ae9d1ee605a26,true,false,false,false,false,false,
assets/pending_media/spl/players/da4dfdfb61b9455cbc39492ae84333ad/clubs/8169ad25b0754c44a49375717b3f9fb2/portrait.webp,f0cf9a975dcb17d18e759e025ce577e2850369650f66abaf5cf884e79de48a00,true,false,false,false,false,false,
assets/pending_media/spl/players/db68f4b9f0d54abcbc5ea5b95930ae5c/clubs/8169ad25b0754c44a49375717b3f9fb2/portrait.webp,e65e64c1a569b3d2cef744964fa28d922e4931571bcb6b794a48cbbd00fd003d,true,false,false,false,false,false,
assets/pending_media/spl/players/dd7dfeb1201d4564b99fb1f7da86e5d1/clubs/874890145b9d43d59ec3f646e8bd4fee/portrait.webp,41e6d09e325a751d73e23fccce092acbdf6d3a0b6e789a19242edd3f37252c8a,true,false,false,false,false,false,
assets/pending_media/spl/players/ddeb292768ee48db963cac1ffbe295c0/clubs/2ba5364e60854fb8a7ca60903875e1ff/portrait.webp,3ea9bf4f1dd8e6e459ab69170700e0a1d1c187e93265a68aa4f59e5249efb250,true,false,false,false,false,false,
assets/pending_media/spl/players/de456344ebf244c787aa01d0e7be49eb/clubs/8a2bfb4eeaad41e9a84107e0a9c75744/portrait.webp,914fef87b8d30484ce2d7677c1e120dfd8253b9bc9ef74d924a6fa46aa82125f,true,false,false,false,false,false,
assets/pending_media/spl/players/deacd22d9d46446699da66a12ea57c8c/clubs/b950674ec2cf4184a0dea482414ac915/portrait.webp,66a394f28f318726829344a8e02b99e9c61686953f0731fd12945fc80a84f1d5,true,false,false,false,false,false,
assets/pending_media/spl/players/df4acd8219f140ff943e5802dd93bc0b/clubs/8169ad25b0754c44a49375717b3f9fb2/portrait.webp,d39e1090d7172c85106a982fce9da753524d9ac865c83c1daa038e5275aab968,true,false,false,false,false,false,
assets/pending_media/spl/players/dfc2e3da722e4b708c91d8dbccab5f76/clubs/5c55f144687d497da1249c312392bb47/portrait.webp,f3e5ba98ff034feef0c2d0757f88a19f5bbeb4ae9a6bc8882a5b0e3b61443b49,true,false,false,false,false,false,
assets/pending_media/spl/players/e05253ce7450440f8f029726ad32b17b/clubs/b950674ec2cf4184a0dea482414ac915/portrait.webp,6319d14b0f2e9cc75fbb1c76bf972125071d86ed973b530cbde435aa6f393555,true,false,false,false,false,false,
assets/pending_media/spl/players/e09a3c6fb4894351ab18c47d182ce812/clubs/02f22b11aa604566a1858f96addb669c/portrait.webp,2775533fa6130bc9107d042a67a01eb1da6620adc97feed855fa88e25a02f3cd,true,false,false,false,false,false,
assets/pending_media/spl/players/e14c3fcdf8eb4617ac4e5cc8c58e75da/clubs/8a2bfb4eeaad41e9a84107e0a9c75744/portrait.webp,9ea3616259b9cb2117927191707963f1a0fbfc7306b2a62f38c7ad258fc0457f,true,false,false,false,false,false,
assets/pending_media/spl/players/e46172cfff6f4b7bb43c0dc78c7e2749/clubs/2ba5364e60854fb8a7ca60903875e1ff/portrait.webp,618774053583aa4f96727c9fda0e2ce107a01294f37aa9528dc2d17af1d08579,true,false,false,false,false,false,
assets/pending_media/spl/players/e490132ae5894de58b8c8530b43b5593/clubs/02f22b11aa604566a1858f96addb669c/portrait.webp,a5f74037e00cdb2d4d02567c9a125925e37340bc0c793e87121cc166c21eada0,true,false,false,false,false,false,
assets/pending_media/spl/players/e636b4ba9d254338a3df6b303bc06347/clubs/504ab03d43954464917361ed38f5cad2/portrait.webp,052d9d4c32c455511c194abe356cea8394802a1d7b3aa5d74a131d85b8dcc1d5,true,false,false,false,false,false,
assets/pending_media/spl/players/e6a42e2b81434c10879c5c76ea98b6fe/clubs/8169ad25b0754c44a49375717b3f9fb2/portrait.webp,970406a33c9dc6ca4686dff518e2ee71cee8f315adc16454a4f12ec4430503ce,true,false,false,false,false,false,
assets/pending_media/spl/players/e887fcd6489946299372a72efc4bb528/clubs/5c55f144687d497da1249c312392bb47/portrait.webp,5fc93b3b6694f7a4e9219edcc795aba17b62ed3ac0b4f871bf55929589c7c218,true,false,false,false,false,false,
assets/pending_media/spl/players/e9f7d54880b043cab30b17aaa457a8d0/clubs/2ba5364e60854fb8a7ca60903875e1ff/portrait.webp,28bb44e1b096fc553b6755b1d8d026aeef137682eb998b41540875420868adac,true,false,false,false,false,false,
assets/pending_media/spl/players/eb42496febf8402b8c9e8dd891471a5b/clubs/6bb24501d8c04b7e8cbd05fe89d8910f/portrait.webp,5f2c8bad2148d5bb05c43d891aea942410dca1f0db787d789027ee3e0253784a,true,false,false,false,false,false,
assets/pending_media/spl/players/ecdc9d91fc13432ea83d621a7d018b5a/clubs/02f22b11aa604566a1858f96addb669c/portrait.webp,164df2d438dfd85f973eb7fbfe5181049ee5cd329d3c16a7dcc81d762423a6e9,true,false,false,false,false,false,
assets/pending_media/spl/players/ee72350f986c47e6877b3ec8394b3bc4/clubs/2ba5364e60854fb8a7ca60903875e1ff/portrait.webp,f938618e17da54864c161b4a171301c752ad066fee2f75c371744128d2492a9c,true,false,false,false,false,false,
assets/pending_media/spl/players/ee7693d118234a5fa6c907728ee72906/clubs/874890145b9d43d59ec3f646e8bd4fee/portrait.webp,6a4a73e7dab1811e20693d890898a1117005620cea246a0fca48767139be162e,true,false,false,false,false,false,
assets/pending_media/spl/players/ee7a4e07330049f888797d224dc523b1/clubs/504ab03d43954464917361ed38f5cad2/portrait.webp,de13bb04f773e7dcc7b41e5318b5921157c15cf75981c3ad5beaede503f70793,true,false,false,false,false,false,
assets/pending_media/spl/players/f02bce314a3f464db5fec03b1b4c6a2d/clubs/5c55f144687d497da1249c312392bb47/portrait.webp,060b2d53efb00cfe407f520976bb2bb451af30b8417dc5a0bf814831afcfca60,true,false,false,false,false,false,
assets/pending_media/spl/players/f13647b788ac49b0b4192b0812d31267/clubs/02f22b11aa604566a1858f96addb669c/portrait.webp,94ce036a532634e170e7fd29d5bb34db640859606643ffb33016cd2c7895e8ec,true,false,false,false,false,false,
assets/pending_media/spl/players/f1bf0d20d15f428c92735bf28ba6e434/clubs/02f22b11aa604566a1858f96addb669c/portrait.webp,4f75439a29714731cb38450294bd1f18c23fcf187d648f73daa766878a6fe1dc,true,false,false,false,false,false,
assets/pending_media/spl/players/f255a4a468b64591ba41ba404d9ee50a/clubs/504ab03d43954464917361ed38f5cad2/portrait.webp,e8cfe71d0e708907c8357f296c622f9c9c2bf9ddce20b56a4f961cef974954d7,true,false,false,false,false,false,
assets/pending_media/spl/players/f602a2dc838c45d28a64ad28b344b950/clubs/5c55f144687d497da1249c312392bb47/portrait.webp,11a5afeae39b30c6954a5741f6b4628362a6e2b767283eb49486e1888c56c001,true,false,false,false,false,false,
assets/pending_media/spl/players/f8b6df2c8bea4030b71393b3b2b10f62/clubs/8a2bfb4eeaad41e9a84107e0a9c75744/portrait.webp,13f241edc50e1ba853fb8209c370257e9be9395ab38ca0e089e58aa8b9830b75,true,false,false,false,false,false,
assets/pending_media/spl/players/f8d9db43ed274bc2a96af576b46c04a9/clubs/1a2a221d20d34ffa8f41246ce61f2079/portrait.webp,299bbe68da92222614b8d0552004f68801316d9d541731f547c934735ac66d34,true,false,false,false,false,false,
assets/pending_media/spl/players/fa4226e4a4b04dcd91ecd214ce52958c/clubs/874890145b9d43d59ec3f646e8bd4fee/portrait.webp,c13aaae67a1d2448d998f6ad8aff7829daf37106c5250b470859caaf3982844c,true,false,false,false,false,false,
assets/pending_media/spl/players/fad7d075b0e6409ea9e2206075c37ba4/clubs/6bb24501d8c04b7e8cbd05fe89d8910f/portrait.webp,3366ecab8aeed2befe1af8f177682bbae69bc329e6b2137856e67d51021956b2,true,false,false,false,false,false,
assets/pending_media/spl/players/fbaf49049cdc4d6aad93ad1bbf9b83ef/clubs/6bb24501d8c04b7e8cbd05fe89d8910f/portrait.webp,e8b7fbd5e688a9c4a459eedf75ce161ad545860010b84a46848e81d8e2b53c66,true,false,false,false,false,false,
assets/pending_media/spl/players/fbf8208aa8d64eba9925fab75ffecbe4/clubs/2ba5364e60854fb8a7ca60903875e1ff/portrait.webp,2353545093e4fae93de573094339e5464c6762fab12f158d46cfdd7e698fd9d2,true,false,false,false,false,false,
assets/pending_media/spl/players/fc3a80e3153d47f0ad7aa1bd1293a716/clubs/8169ad25b0754c44a49375717b3f9fb2/portrait.webp,7058ac7b13b0f34abaa05b814856963cb9778dfd5b59ada1a76ff7e357f64af4,true,false,false,false,false,false,
assets/pending_media/spl/players/fda85d8ea12745248e7e18cc4b232851/clubs/b950674ec2cf4184a0dea482414ac915/portrait.webp,86752e67595c32b7ee4d26e27f9887bc59549d75640d2fe2d37023e8c7e2257f,true,false,false,false,false,false,
assets/pending_media/spl/players/fde2557f1e704b44850aedd2741a17f6/clubs/2ba5364e60854fb8a7ca60903875e1ff/portrait.webp,00d7df3433ffcc8d33ef4fb2ae6063fb1ef8405a0a1f6ae3e90f9af5770c3bb7,true,false,false,false,false,false,
assets/pending_media/spl/players/fefc442c6cdb4df190720a6c062e5e0e/clubs/6bb24501d8c04b7e8cbd05fe89d8910f/portrait.webp,0385960ca7703c29063d2a84391bc595ebd1de85307f36be4b8600e2166a60ce,true,false,false,false,false,false,
